[{"model": "admin.logentry", "pk": 5, "fields": {"action_time": "2023-03-08T04:30:41.974Z", "user": 4, "content_type": 6, "object_id": "2", "object_repr": "admin2@resify.api", "action_flag": 3, "change_message": ""}}, {"model": "admin.logentry", "pk": 6, "fields": {"action_time": "2023-03-08T04:31:03.577Z", "user": 4, "content_type": 6, "object_id": "4", "object_repr": "super@restify.api", "action_flag": 2, "change_message": "[{\"changed\": {\"fields\": [\"First name\", \"Last name\"]}}]"}}, {"model": "admin.logentry", "pk": 7, "fields": {"action_time": "2023-03-08T05:14:18.441Z", "user": 4, "content_type": 6, "object_id": "6", "object_repr": "user@example.com", "action_flag": 3, "change_message": ""}}, {"model": "auth.permission", "pk": 1, "fields": {"name": "Can add log entry", "content_type": 1, "codename": "add_logentry"}}, {"model": "auth.permission", "pk": 2, "fields": {"name": "Can change log entry", "content_type": 1, "codename": "change_logentry"}}, {"model": "auth.permission", "pk": 3, "fields": {"name": "Can delete log entry", "content_type": 1, "codename": "delete_logentry"}}, {"model": "auth.permission", "pk": 4, "fields": {"name": "Can view log entry", "content_type": 1, "codename": "view_logentry"}}, {"model": "auth.permission", "pk": 5, "fields": {"name": "Can add permission", "content_type": 2, "codename": "add_permission"}}, {"model": "auth.permission", "pk": 6, "fields": {"name": "Can change permission", "content_type": 2, "codename": "change_permission"}}, {"model": "auth.permission", "pk": 7, "fields": {"name": "Can delete permission", "content_type": 2, "codename": "delete_permission"}}, {"model": "auth.permission", "pk": 8, "fields": {"name": "Can view permission", "content_type": 2, "codename": "view_permission"}}, {"model": "auth.permission", "pk": 9, "fields": {"name": "Can add group", "content_type": 3, "codename": "add_group"}}, {"model": "auth.permission", "pk": 10, "fields": {"name": "Can change group", "content_type": 3, "codename": "change_group"}}, {"model": "auth.permission", "pk": 11, "fields": {"name": "Can delete group", "content_type": 3, "codename": "delete_group"}}, {"model": "auth.permission", "pk": 12, "fields": {"name": "Can view group", "content_type": 3, "codename": "view_group"}}, {"model": "auth.permission", "pk": 13, "fields": {"name": "Can add content type", "content_type": 4, "codename": "add_contenttype"}}, {"model": "auth.permission", "pk": 14, "fields": {"name": "Can change content type", "content_type": 4, "codename": "change_contenttype"}}, {"model": "auth.permission", "pk": 15, "fields": {"name": "Can delete content type", "content_type": 4, "codename": "delete_contenttype"}}, {"model": "auth.permission", "pk": 16, "fields": {"name": "Can view content type", "content_type": 4, "codename": "view_contenttype"}}, {"model": "auth.permission", "pk": 17, "fields": {"name": "Can add session", "content_type": 5, "codename": "add_session"}}, {"model": "auth.permission", "pk": 18, "fields": {"name": "Can change session", "content_type": 5, "codename": "change_session"}}, {"model": "auth.permission", "pk": 19, "fields": {"name": "Can delete session", "content_type": 5, "codename": "delete_session"}}, {"model": "auth.permission", "pk": 20, "fields": {"name": "Can view session", "content_type": 5, "codename": "view_session"}}, {"model": "auth.permission", "pk": 21, "fields": {"name": "Can add user", "content_type": 6, "codename": "add_user"}}, {"model": "auth.permission", "pk": 22, "fields": {"name": "Can change user", "content_type": 6, "codename": "change_user"}}, {"model": "auth.permission", "pk": 23, "fields": {"name": "Can delete user", "content_type": 6, "codename": "delete_user"}}, {"model": "auth.permission", "pk": 24, "fields": {"name": "Can view user", "content_type": 6, "codename": "view_user"}}, {"model": "auth.permission", "pk": 25, "fields": {"name": "Can add user profile", "content_type": 7, "codename": "add_userprofile"}}, {"model": "auth.permission", "pk": 26, "fields": {"name": "Can change user profile", "content_type": 7, "codename": "change_userprofile"}}, {"model": "auth.permission", "pk": 27, "fields": {"name": "Can delete user profile", "content_type": 7, "codename": "delete_userprofile"}}, {"model": "auth.permission", "pk": 28, "fields": {"name": "Can view user profile", "content_type": 7, "codename": "view_userprofile"}}, {"model": "auth.permission", "pk": 29, "fields": {"name": "Can add property", "content_type": 8, "codename": "add_property"}}, {"model": "auth.permission", "pk": 30, "fields": {"name": "Can change property", "content_type": 8, "codename": "change_property"}}, {"model": "auth.permission", "pk": 31, "fields": {"name": "Can delete property", "content_type": 8, "codename": "delete_property"}}, {"model": "auth.permission", "pk": 32, "fields": {"name": "Can view property", "content_type": 8, "codename": "view_property"}}, {"model": "auth.permission", "pk": 33, "fields": {"name": "Can add property image", "content_type": 9, "codename": "add_propertyimage"}}, {"model": "auth.permission", "pk": 34, "fields": {"name": "Can change property image", "content_type": 9, "codename": "change_propertyimage"}}, {"model": "auth.permission", "pk": 35, "fields": {"name": "Can delete property image", "content_type": 9, "codename": "delete_propertyimage"}}, {"model": "auth.permission", "pk": 36, "fields": {"name": "Can view property image", "content_type": 9, "codename": "view_propertyimage"}}, {"model": "auth.permission", "pk": 37, "fields": {"name": "Can add notification", "content_type": 10, "codename": "add_notification"}}, {"model": "auth.permission", "pk": 38, "fields": {"name": "Can change notification", "content_type": 10, "codename": "change_notification"}}, {"model": "auth.permission", "pk": 39, "fields": {"name": "Can delete notification", "content_type": 10, "codename": "delete_notification"}}, {"model": "auth.permission", "pk": 40, "fields": {"name": "Can view notification", "content_type": 10, "codename": "view_notification"}}, {"model": "auth.permission", "pk": 41, "fields": {"name": "Can add reservation", "content_type": 11, "codename": "add_reservation"}}, {"model": "auth.permission", "pk": 42, "fields": {"name": "Can change reservation", "content_type": 11, "codename": "change_reservation"}}, {"model": "auth.permission", "pk": 43, "fields": {"name": "Can delete reservation", "content_type": 11, "codename": "delete_reservation"}}, {"model": "auth.permission", "pk": 44, "fields": {"name": "Can view reservation", "content_type": 11, "codename": "view_reservation"}}, {"model": "auth.permission", "pk": 45, "fields": {"name": "Can add comments", "content_type": 12, "codename": "add_comments"}}, {"model": "auth.permission", "pk": 46, "fields": {"name": "Can change comments", "content_type": 12, "codename": "change_comments"}}, {"model": "auth.permission", "pk": 47, "fields": {"name": "Can delete comments", "content_type": 12, "codename": "delete_comments"}}, {"model": "auth.permission", "pk": 48, "fields": {"name": "Can view comments", "content_type": 12, "codename": "view_comments"}}, {"model": "contenttypes.contenttype", "pk": 1, "fields": {"app_label": "admin", "model": "logentry"}}, {"model": "contenttypes.contenttype", "pk": 2, "fields": {"app_label": "auth", "model": "permission"}}, {"model": "contenttypes.contenttype", "pk": 3, "fields": {"app_label": "auth", "model": "group"}}, {"model": "contenttypes.contenttype", "pk": 4, "fields": {"app_label": "contenttypes", "model": "contenttype"}}, {"model": "contenttypes.contenttype", "pk": 5, "fields": {"app_label": "sessions", "model": "session"}}, {"model": "contenttypes.contenttype", "pk": 6, "fields": {"app_label": "accounts", "model": "user"}}, {"model": "contenttypes.contenttype", "pk": 7, "fields": {"app_label": "accounts", "model": "userprofile"}}, {"model": "contenttypes.contenttype", "pk": 8, "fields": {"app_label": "properties", "model": "property"}}, {"model": "contenttypes.contenttype", "pk": 9, "fields": {"app_label": "properties", "model": "propertyimage"}}, {"model": "contenttypes.contenttype", "pk": 10, "fields": {"app_label": "notifications", "model": "notification"}}, {"model": "contenttypes.contenttype", "pk": 11, "fields": {"app_label": "reservations", "model": "reservation"}}, {"model": "contenttypes.contenttype", "pk": 12, "fields": {"app_label": "comments", "model": "comments"}}, {"model": "accounts.user", "pk": 3, "fields": {"password": "pbkdf2_sha256$390000$6KQPaOrzuQHl2azNaIsg0x$syTgaPgTS9/rVGbNyc7x7pKc/y8JP6JaXELBRVfiE9M=", "last_login": null, "is_superuser": false, "first_name": "xiba", "last_name": "tu", "is_staff": false, "is_active": true, "date_joined": "2023-03-07T18:35:41.024Z", "email": "user1@restify.api", "groups": [], "user_permissions": []}}, {"model": "accounts.user", "pk": 4, "fields": {"password": "pbkdf2_sha256$390000$4kKSrrUErcOBXLFrnFhhoY$ZpiXSjL8fyJVXjPKsRLSxlhKx0XWNnJJILrvnCYVOxg=", "last_login": "2023-03-08T05:14:03.384Z", "is_superuser": true, "first_name": "ramon", "last_name": "xu", "is_staff": true, "is_active": true, "date_joined": "2023-03-07T18:38:52Z", "email": "super@restify.api", "groups": [], "user_permissions": []}}, {"model": "accounts.user", "pk": 5, "fields": {"password": "pbkdf2_sha256$390000$QKU8kRERsZKkzba4WIbwag$E4+Data9N7ZI858cjYPZk1qkVQVXbkfo4+pCa1SOUYM=", "last_login": null, "is_superuser": false, "first_name": "user", "last_name": "2", "is_staff": false, "is_active": true, "date_joined": "2023-03-08T04:40:50.699Z", "email": "user2@restify.api", "groups": [], "user_permissions": []}}, {"model": "accounts.user", "pk": 7, "fields": {"password": "", "last_login": null, "is_superuser": false, "first_name": "user", "last_name": "3", "is_staff": false, "is_active": true, "date_joined": "2023-03-08T09:12:24.760Z", "email": "user3@restify.api", "groups": [], "user_permissions": []}}, {"model": "accounts.user", "pk": 8, "fields": {"password": "pbkdf2_sha256$390000$9D6fiyU9UE70qU3iokW9cg$yvfCT/31tSW3+QAjjKVpoplaXnDK5vwY4TQdE643NUM=", "last_login": null, "is_superuser": false, "first_name": "user", "last_name": "4", "is_staff": false, "is_active": true, "date_joined": "2023-03-08T09:19:59.948Z", "email": "user4@restify.api", "groups": [], "user_permissions": []}}, {"model": "accounts.user", "pk": 9, "fields": {"password": "pbkdf2_sha256$390000$DSHbKdYf2xC01GczVmC0sc$K3RKJYtMAiBxCjzQh81iD6IdmaIJF7JDKZplSZoZ/JI=", "last_login": null, "is_superuser": false, "first_name": "user", "last_name": "4", "is_staff": false, "is_active": true, "date_joined": "2023-03-15T10:00:54.624Z", "email": "user4@example.com", "groups": [], "user_permissions": []}}, {"model": "accounts.user", "pk": 10, "fields": {"password": "pbkdf2_sha256$390000$D1ziIVXLiLoPe93o1trW4i$zAZZVsv0Zy4WA6g512AEMGY6xj6ZZHiAJRyOC6FVTrY=", "last_login": null, "is_superuser": false, "first_name": "a", "last_name": "bc", "is_staff": false, "is_active": true, "date_joined": "2023-04-01T04:56:13.781Z", "email": "abc@mail.com", "groups": [], "user_permissions": []}}, {"model": "accounts.user", "pk": 11, "fields": {"password": "pbkdf2_sha256$390000$xWmKzvzuHRJRjPBM9ERRhH$HoPy0fXOXMLHhnWPIjSySDyWlVg4rcbW7OYm+9jxzh0=", "last_login": null, "is_superuser": false, "first_name": "B", "last_name": "sdf", "is_staff": false, "is_active": true, "date_joined": "2023-04-01T05:15:51.155Z", "email": "asdf@1.cn", "groups": [], "user_permissions": []}}, {"model": "accounts.user", "pk": 12, "fields": {"password": "pbkdf2_sha256$390000$39XiVOwyrvbB4byU7jQJEU$vYHu8SiqqWx460PDAKu9S12rexYCd0acLaFCi82Ax+c=", "last_login": null, "is_superuser": false, "first_name": "sdf", "last_name": "wer", "is_staff": false, "is_active": true, "date_joined": "2023-04-01T05:23:02.541Z", "email": "sf@1.cn", "groups": [], "user_permissions": []}}, {"model": "accounts.user", "pk": 13, "fields": {"password": "pbkdf2_sha256$390000$EHpBiPDjZ3PEMW9y7vD5df$Hii4EC16V1bQIwQhw6x1IvWSc5loKchAAQO8cw91fAs=", "last_login": null, "is_superuser": false, "first_name": "ygmy", "last_name": "fm", "is_staff": false, "is_active": true, "date_joined": "2023-04-01T08:58:59.082Z", "email": "ppr@restify.api", "groups": [], "user_permissions": []}}, {"model": "accounts.user", "pk": 14, "fields": {"password": "pbkdf2_sha256$390000$cdMK61eTOMz4pK0vXA0kFR$R8zTw5kEM5JLvzcaROPC/+qNcGS9BPs6t31PisK+yZM=", "last_login": null, "is_superuser": false, "first_name": "xu", "last_name": "ruimeng", "is_staff": false, "is_active": true, "date_joined": "2023-04-01T20:41:31.339Z", "email": "asf@d.cn", "groups": [], "user_permissions": []}}, {"model": "accounts.user", "pk": 15, "fields": {"password": "pbkdf2_sha256$390000$v6tih2gb38NheTPKdmglFP$vFo/D0QevR+CmDSE/NgDlc0e48xO3LP8P13mtDPtI6Y=", "last_login": null, "is_superuser": false, "first_name": "Xiaochuan", "last_name": "Sun", "is_staff": false, "is_active": true, "date_joined": "2023-04-04T09:06:09.817Z", "email": "nmsl@gmail.com", "groups": [], "user_permissions": []}}, {"model": "accounts.userprofile", "pk": 2, "fields": {"user": 3, "phone": "4379884592", "date_of_birth": "2023-04-02", "avatar": "user_avatars/avatar_ZHTPzLm.png", "gender": "F", "rating": null}}, {"model": "accounts.userprofile", "pk": 3, "fields": {"user": 14, "phone": null, "date_of_birth": null, "avatar": "default_avatar.png", "gender": "", "rating": null}}, {"model": "accounts.userprofile", "pk": 4, "fields": {"user": 4, "phone": "4379884592", "date_of_birth": "2001-06-27", "avatar": "user_avatars/avatar_dw8irqC.png", "gender": "M", "rating": null}}, {"model": "accounts.userprofile", "pk": 5, "fields": {"user": 15, "phone": "4441234123", "date_of_birth": "2000-05-17", "avatar": "user_avatars/avatar_YYJ1x22.png", "gender": "M", "rating": null}}, {"model": "properties.property", "pk": 1, "fields": {"owner": 3, "title": "Five Condos", "address": "5 Saint Joseph St.", "city": "Toronto", "province": "ON", "postal_code": "M4Y0B6", "price": 1500, "property_type": "condo", "num_bedrooms": 2, "sqft": 700, "amenities": "gym,parking,bbq", "thumbnail": "property_thumbnails/fivecondos.jpg", "rating": null, "time_created": "2023-03-15T01:28:53.247Z", "last_modified": "2023-03-15T02:24:07.889Z"}}, {"model": "properties.property", "pk": 5, "fields": {"owner": 4, "title": "Bay Condo", "address": "1080 Bay St.", "city": "Toronto", "province": "ON", "postal_code": "M12Y34", "price": 800, "property_type": "condo", "num_bedrooms": 2, "sqft": 800, "amenities": "", "thumbnail": "default_property_image.jpg", "rating": null, "time_created": "2023-03-15T10:41:48.946Z", "last_modified": "2023-03-15T10:41:48.946Z"}}, {"model": "properties.property", "pk": 6, "fields": {"owner": 4, "title": "Yonge Condo", "address": "456 Yonge St.", "city": "Toronto", "province": "ON", "postal_code": "M12Y34", "price": 800, "property_type": "condo", "num_bedrooms": 3, "sqft": 1000, "amenities": "", "thumbnail": "default_property_image.jpg", "rating": null, "time_created": "2023-03-15T10:42:33.531Z", "last_modified": "2023-03-15T10:42:33.531Z"}}, {"model": "properties.property", "pk": 17, "fields": {"owner": 4, "title": "One Condo", "address": "1 Main St.", "city": "Toronto", "province": "ON", "postal_code": "M4Y1R5", "price": 1145, "property_type": "condo", "num_bedrooms": 2, "sqft": 514, "amenities": "bbq,lounge,garden", "thumbnail": "property_thumbnails/DJI_0083.jpg", "rating": null, "time_created": "2023-04-03T07:45:36.437Z", "last_modified": "2023-04-03T07:45:36.437Z"}}, {"model": "properties.property", "pk": 18, "fields": {"owner": 4, "title": "Two B", "address": "2 Main St.", "city": "Vancouver", "province": "BC", "postal_code": "J1K0V5", "price": 342, "property_type": "townhouse", "num_bedrooms": 3, "sqft": 555, "amenities": "garden,wifi,parking", "thumbnail": "property_thumbnails/IMG_6290.jpg", "rating": null, "time_created": "2023-04-03T08:11:08.665Z", "last_modified": "2023-04-03T08:11:08.665Z"}}, {"model": "properties.property", "pk": 19, "fields": {"owner": 4, "title": "3 C", "address": "3 main st.", "city": "Missisauga", "province": "ON", "postal_code": "M1T3D6", "price": 1777, "property_type": "studio", "num_bedrooms": 1, "sqft": 455, "amenities": "garden,lounge,gym,parking", "thumbnail": "property_thumbnails/DSC01776_oHRzvd0.jpg", "rating": null, "time_created": "2023-04-03T08:31:06.586Z", "last_modified": "2023-04-03T08:31:06.586Z"}}, {"model": "properties.property", "pk": 20, "fields": {"owner": 4, "title": "4D", "address": "4 Main St.", "city": "Toronto", "province": "ON", "postal_code": "M4T6Y7", "price": 5552, "property_type": "house", "num_bedrooms": 15, "sqft": 10000, "amenities": "bbq,garden,gym,parking", "thumbnail": "property_thumbnails/IMG_6042.jpg", "rating": null, "time_created": "2023-04-03T08:37:28.143Z", "last_modified": "2023-04-03T08:37:28.143Z"}}, {"model": "properties.property", "pk": 21, "fields": {"owner": 4, "title": "5E", "address": "5 jj st.", "city": "ttk", "province": "AB", "postal_code": "M4Y0B6", "price": 1424, "property_type": "townhouse", "num_bedrooms": 2, "sqft": 124, "amenities": "garden,gym,parking", "thumbnail": "property_thumbnails/IMG_6104.jpg", "rating": null, "time_created": "2023-04-03T08:40:52.167Z", "last_modified": "2023-04-03T08:40:52.167Z"}}, {"model": "properties.property", "pk": 27, "fields": {"owner": 15, "title": "飞吧分钱", "address": "干飞马", "city": "Toronto", "province": "NT", "postal_code": "Q1Q1Q1", "price": 232, "property_type": "condo", "num_bedrooms": 2, "sqft": 2323, "amenities": "gym,garden,lounge,parking", "thumbnail": "property_thumbnails/2021-02-19_PvLdmfE.png", "rating": null, "time_created": "2023-04-04T09:13:59.128Z", "last_modified": "2023-04-04T09:13:59.128Z"}}, {"model": "properties.property", "pk": 28, "fields": {"owner": 15, "title": "Jibai", "address": "Dksjdnsbx", "city": "Vancouver", "province": "MB", "postal_code": "M3Y0B7", "price": 2000, "property_type": "studio", "num_bedrooms": 3, "sqft": 3000, "amenities": "gym,garden,parking", "thumbnail": "property_thumbnails/D07B3AD1-0394-48E5-A408-5BB286A6C287.jpeg", "rating": null, "time_created": "2023-04-04T09:17:39.728Z", "last_modified": "2023-04-04T09:17:39.728Z"}}, {"model": "properties.propertyimage", "pk": 2, "fields": {"property": 1, "image": "property_images/interior-1.jpg", "image_name": "interior1"}}, {"model": "properties.propertyimage", "pk": 7, "fields": {"property": 17, "image": "property_images/IMG_6042.jpg", "image_name": "IMG_6042.jpg"}}, {"model": "properties.propertyimage", "pk": 8, "fields": {"property": 17, "image": "property_images/IMG_6171_vjCG49v.jpg", "image_name": "IMG_6171.jpg"}}, {"model": "properties.propertyimage", "pk": 9, "fields": {"property": 18, "image": "property_images/IMG_6104.jpg", "image_name": "IMG_6104.jpg"}}, {"model": "properties.propertyimage", "pk": 10, "fields": {"property": 18, "image": "property_images/DSC01776.jpg", "image_name": "DSC01776.jpg"}}, {"model": "properties.propertyimage", "pk": 11, "fields": {"property": 18, "image": "property_images/DSC01737.jpg", "image_name": "DSC01737.jpg"}}, {"model": "properties.propertyimage", "pk": 12, "fields": {"property": 19, "image": "property_images/IMG_6039.jpg", "image_name": "IMG_6039.jpg"}}, {"model": "properties.propertyimage", "pk": 13, "fields": {"property": 19, "image": "property_images/IMG_6092.jpg", "image_name": "IMG_6092.jpg"}}, {"model": "properties.propertyimage", "pk": 14, "fields": {"property": 19, "image": "property_images/DSC01737_uhaxXHE.jpg", "image_name": "DSC01737.jpg"}}, {"model": "properties.propertyimage", "pk": 15, "fields": {"property": 19, "image": "property_images/DSC01765.jpg", "image_name": "DSC01765.jpg"}}, {"model": "properties.propertyimage", "pk": 16, "fields": {"property": 20, "image": "property_images/IMG_6039_4lkOOnj.jpg", "image_name": "IMG_6039.jpg"}}, {"model": "properties.propertyimage", "pk": 17, "fields": {"property": 20, "image": "property_images/DSC01765_yHSyCIO.jpg", "image_name": "DSC01765.jpg"}}, {"model": "properties.propertyimage", "pk": 18, "fields": {"property": 20, "image": "property_images/DSC01755_mWNbR0l.jpg", "image_name": "DSC01755.jpg"}}, {"model": "properties.propertyimage", "pk": 19, "fields": {"property": 21, "image": "property_images/IMG_6039_swWZPdF.jpg", "image_name": "IMG_6039.jpg"}}, {"model": "properties.propertyimage", "pk": 20, "fields": {"property": 21, "image": "property_images/IMG_6042_sBzLHEe.jpg", "image_name": "IMG_6042.jpg"}}, {"model": "properties.propertyimage", "pk": 26, "fields": {"property": 23, "image": "property_images/IMG_1412.JPG", "image_name": "IMG_1412.JPG"}}, {"model": "properties.propertyimage", "pk": 27, "fields": {"property": 23, "image": "property_images/IMG_0072.PNG", "image_name": "IMG_0072.PNG"}}, {"model": "properties.propertyimage", "pk": 34, "fields": {"property": 28, "image": "property_images/70C57D2C-960A-421A-BF08-607C7B6AEE9A.jpeg", "image_name": "70C57D2C-960A-421A-BF08-607C7B6AEE9A.jpeg"}}, {"model": "properties.propertyimage", "pk": 35, "fields": {"property": 28, "image": "property_images/6B154B01-8E8A-4BA3-8981-EEC5E9A6FF82.jpeg", "image_name": "6B154B01-8E8A-4BA3-8981-EEC5E9A6FF82.jpeg"}}, {"model": "reservations.reservation", "pk": 1, "fields": {"tenant": 4, "property": 1, "status": "Pending", "start_date": "2023-03-15", "end_date": "2023-03-20", "created_at": "2023-03-15T23:56:10.970Z", "updated_at": "2023-03-15T23:56:10.971Z"}}, {"model": "reservations.reservation", "pk": 2, "fields": {"tenant": 4, "property": 1, "status": "Pending", "start_date": "2023-03-26", "end_date": "2023-03-29", "created_at": "2023-03-15T23:57:05.350Z", "updated_at": "2023-03-15T23:57:05.350Z"}}, {"model": "notifications.notification", "pk": 1, "fields": {"sender": 3, "receiver": 4, "message": "You have a message", "is_read": true, "time_created": "2023-03-15T09:02:32.105Z"}}]